                  epoch,         train/box_loss,         train/cls_loss,         train/dfl_loss,   metrics/precision(B),      metrics/recall(B),       metrics/mAP50(B),    metrics/mAP50-95(B),           val/box_loss,           val/cls_loss,           val/dfl_loss,                 lr/pg0,                 lr/pg1,                 lr/pg2
                      1,                 3.2504,                 4.8125,                  3.948,                0.87778,                0.05917,                0.04442,                0.01361,                 2.6881,                 3.5904,                 3.4772,             0.00019516,             0.00019516,             0.00019516
                      2,                 2.5429,                  3.837,                 3.1169,                0.54584,                0.15457,                0.17004,                0.07902,                 2.2401,                 4.3946,                 2.8134,             0.00038341,             0.00038341,             0.00038341
                      3,                 2.0759,                 3.1678,                 2.5412,                 0.3393,                0.37319,                0.32355,                0.15592,                 1.8243,                  2.497,                 2.4497,              0.0005639,              0.0005639,              0.0005639
                      4,                 1.7779,                 2.6407,                  2.223,                0.66394,                0.42625,                0.47714,                0.27775,                 1.6188,                 2.1288,                 2.0559,             0.00055307,             0.00055307,             0.00055307
                      5,                  1.631,                 2.3349,                 2.0487,                0.58221,                0.58993,                0.61309,                0.39316,                 1.3747,                 1.7651,                 1.9093,             0.00054143,             0.00054143,             0.00054143
                      6,                 1.5344,                 2.1022,                 1.9482,                0.46794,                0.63468,                0.59132,                0.39072,                 1.3008,                 1.7766,                 1.7808,             0.00052979,             0.00052979,             0.00052979
                      7,                 1.4558,                 1.9644,                 1.8544,                0.58599,                 0.7211,                0.69574,                0.45489,                 1.3295,                 1.6684,                 1.7541,             0.00051815,             0.00051815,             0.00051815
                      8,                 1.4136,                 1.8224,                 1.8152,                0.71908,                0.67814,                0.75065,                0.52914,                 1.2057,                 1.3226,                 1.6685,              0.0005065,              0.0005065,              0.0005065
                      9,                 1.3676,                 1.7192,                 1.7605,                0.67039,                 0.7227,                0.78224,                0.54098,                  1.223,                 1.3393,                 1.6255,             0.00049486,             0.00049486,             0.00049486
                     10,                 1.3447,                 1.6585,                 1.7289,                0.78319,                0.66416,                0.79311,                0.58161,                 1.0833,                 1.3064,                 1.5453,             0.00048322,             0.00048322,             0.00048322
                     11,                 1.3071,                 1.5661,                 1.6881,                0.75283,                0.77657,                0.81216,                0.59793,                 1.1124,                 1.1649,                 1.5485,             0.00047158,             0.00047158,             0.00047158
                     12,                 1.2882,                 1.5368,                 1.6675,                0.75323,                0.78341,                0.82313,                0.61356,                 1.0423,                  1.104,                 1.4666,             0.00045993,             0.00045993,             0.00045993
                     13,                 1.2659,                 1.4788,                 1.6504,                0.68811,                0.79788,                0.81529,                0.61516,                0.97102,                 1.2135,                  1.437,             0.00044829,             0.00044829,             0.00044829
                     14,                 1.2331,                 1.4154,                 1.6179,                 0.7804,                0.75575,                0.84728,                0.64232,                  1.002,                 1.0699,                 1.4479,             0.00043665,             0.00043665,             0.00043665
                     15,                 1.2216,                 1.3797,                 1.6113,                0.74875,                0.82721,                0.84687,                0.64583,                0.97033,                 1.0256,                 1.4245,             0.00042501,             0.00042501,             0.00042501
                     16,                 1.2067,                 1.3365,                 1.5947,                0.83277,                0.82303,                 0.8741,                0.65015,                 1.0109,                 1.0016,                  1.413,             0.00041336,             0.00041336,             0.00041336
                     17,                 1.1835,                 1.2963,                 1.5668,                0.80097,                0.83367,                0.86444,                0.66407,                0.98794,                 1.0117,                 1.4216,             0.00040172,             0.00040172,             0.00040172
                     18,                 1.1867,                 1.2819,                 1.5744,                0.78396,                0.81144,                0.87502,                0.67943,                 0.9314,                0.95534,                 1.3675,             0.00039008,             0.00039008,             0.00039008
                     19,                 1.1572,                 1.2375,                 1.5332,                0.81069,                0.86509,                0.89968,                0.67763,                0.99032,                0.90677,                 1.3919,             0.00037844,             0.00037844,             0.00037844
                     20,                 1.1477,                 1.2261,                 1.5337,                0.81616,                0.80018,                0.89289,                0.70385,                0.86897,                 0.9045,                 1.3331,             0.00036679,             0.00036679,             0.00036679
                     21,                 1.1387,                 1.1916,                 1.5269,                0.83375,                0.85324,                0.89731,                0.71313,                 0.9195,                0.85899,                 1.3454,             0.00035515,             0.00035515,             0.00035515
                     22,                 1.1212,                 1.1639,                   1.51,                0.81581,                0.80643,                0.88723,                0.68884,                0.91836,                0.88517,                 1.3488,             0.00034351,             0.00034351,             0.00034351
                     23,                 1.1081,                 1.1342,                 1.4893,                0.84738,                0.86309,                0.91361,                0.73448,                0.87275,                0.79136,                 1.3252,             0.00033187,             0.00033187,             0.00033187
                     24,                 1.1124,                  1.108,                 1.5018,                0.88561,                0.85983,                0.91713,                0.73813,                0.86654,                 0.7688,                 1.3247,             0.00032022,             0.00032022,             0.00032022
                     25,                 1.1104,                 1.1096,                 1.4938,                0.87365,                0.84842,                0.90687,                0.72647,                0.85885,                0.80003,                 1.2994,             0.00030858,             0.00030858,             0.00030858
                     26,                 1.0939,                 1.0892,                 1.4732,                0.85417,                 0.8608,                0.91933,                 0.7389,                0.84849,                0.77279,                 1.2926,             0.00029694,             0.00029694,             0.00029694
                     27,                 1.0763,                 1.0712,                 1.4625,                0.86085,                0.83845,                0.92372,                0.75034,                0.81065,                0.76198,                 1.2703,              0.0002853,              0.0002853,              0.0002853
                     28,                 1.0532,                 1.0296,                 1.4379,                0.89051,                0.85431,                0.92901,                0.74733,                0.82426,                0.71607,                 1.2776,             0.00027366,             0.00027366,             0.00027366
                     29,                 1.0474,                 1.0175,                 1.4353,                0.82752,                0.87813,                0.92494,                0.74105,                0.82582,                 0.7426,                 1.2676,             0.00026201,             0.00026201,             0.00026201
                     30,                 1.0577,                 1.0195,                 1.4408,                0.86076,                0.86245,                0.92437,                0.74885,                0.80565,                0.70566,                 1.2604,             0.00025037,             0.00025037,             0.00025037
                     31,                 1.0428,                0.99389,                 1.4287,                0.85723,                0.89395,                0.92909,                0.74645,                0.80726,                0.68768,                 1.2596,             0.00023873,             0.00023873,             0.00023873
                     32,                 1.0329,                0.98453,                 1.4181,                0.84996,                0.90222,                0.92787,                0.75468,                0.79601,                 0.6997,                 1.2529,             0.00022709,             0.00022709,             0.00022709
                     33,                 1.0342,                0.96564,                 1.4193,                0.87141,                0.85686,                0.93321,                0.76086,                0.79669,                0.67648,                 1.2539,             0.00021544,             0.00021544,             0.00021544
                     34,                 1.0213,                0.94654,                 1.4058,                0.91349,                0.89246,                 0.9467,                0.77209,                0.79041,                0.64118,                 1.2363,              0.0002038,              0.0002038,              0.0002038
                     35,                 1.0137,                0.93723,                 1.4094,                0.92919,                0.87225,                0.94745,                0.76837,                 0.8041,                0.63562,                 1.2517,             0.00019216,             0.00019216,             0.00019216
                     36,                 1.0101,                0.92336,                 1.3927,                 0.8835,                0.89757,                 0.9449,                0.76864,                0.81033,                 0.6383,                 1.2455,             0.00018052,             0.00018052,             0.00018052
                     37,                 1.0077,                0.92063,                 1.3956,                0.92001,                0.90055,                0.95412,                 0.7891,                0.76049,                0.60605,                 1.2203,             0.00016887,             0.00016887,             0.00016887
                     38,                0.98874,                0.90177,                 1.3766,                0.91071,                0.88436,                0.94552,                0.77509,                0.77795,                0.63757,                 1.2319,             0.00015723,             0.00015723,             0.00015723
                     39,                0.98933,                0.89187,                 1.3799,                 0.9112,                0.86899,                0.94357,                0.77186,                0.79149,                0.62413,                 1.2323,             0.00014559,             0.00014559,             0.00014559
                     40,                0.96977,                0.87685,                 1.3715,                0.89183,                 0.9178,                0.95233,                0.77643,                0.79316,                0.59029,                 1.2255,             0.00013395,             0.00013395,             0.00013395
                     41,                 0.8273,                0.62606,                 1.2638,                0.90958,                0.92508,                0.95479,                0.79074,                0.78285,                0.57865,                  1.229,              0.0001223,              0.0001223,              0.0001223
                     42,                0.81164,                0.58518,                 1.2537,                0.92169,                  0.926,                0.95753,                0.78655,                 0.7661,                0.56379,                 1.2266,             0.00011066,             0.00011066,             0.00011066
                     43,                0.78903,                0.57659,                 1.2393,                0.89937,                0.92548,                0.95631,                0.78881,                0.76219,                 0.5716,                 1.2107,             9.9019e-05,             9.9019e-05,             9.9019e-05
                     44,                0.78291,                0.55934,                 1.2301,                0.93131,                0.91501,                0.95857,                0.78837,                0.76496,                0.55304,                 1.2137,             8.7377e-05,             8.7377e-05,             8.7377e-05
                     45,                0.76535,                0.54715,                 1.2153,                0.91322,                0.93184,                0.96039,                0.79084,                0.74472,                0.55345,                 1.1995,             7.5734e-05,             7.5734e-05,             7.5734e-05
                     46,                0.76323,                0.54365,                 1.2085,                 0.8936,                0.93975,                0.96033,                0.81038,                0.71979,                0.53629,                 1.1816,             6.4092e-05,             6.4092e-05,             6.4092e-05
                     47,                0.75261,                0.53267,                 1.2022,                0.91443,                0.93008,                0.96075,                0.80071,                 0.7556,                0.54364,                  1.203,              5.245e-05,              5.245e-05,              5.245e-05
                     48,                0.74303,                0.51809,                 1.1927,                0.92236,                0.92087,                0.96011,                0.79916,                0.73147,                0.54335,                 1.1902,             4.0807e-05,             4.0807e-05,             4.0807e-05
                     49,                 0.7312,                0.50425,                 1.1833,                0.94132,                0.90297,                0.96131,                0.80658,                0.72641,                0.52652,                 1.1842,             2.9165e-05,             2.9165e-05,             2.9165e-05
                     50,                0.72975,                0.50892,                 1.1864,                0.95148,                0.90419,                0.96108,                0.80577,                0.73272,                0.52948,                 1.1883,             1.7522e-05,             1.7522e-05,             1.7522e-05
